0,class
2150.0593489644098,metal
2150.044430104617,metal
2150.0525370595906,metal
2150.04777058557,metal
2150.0549480559484,metal
2150.052233675708,metal
2150.0528570721845,metal
2150.056686467558,metal
2150.0557170843035,metal
2150.0565571332822,metal
2150.0538647625526,metal
2150.0575768764693,metal
2150.056807333685,metal
2150.0577108230123,metal
2150.0630344598258,metal
2150.0675417469406,metal
2150.061340522203,metal
2150.057990964046,metal
2150.0524770796596,metal
2150.0606119586027,metal
2150.04920944693,metal
2150.0452857160667,metal
2150.056168974071,metal
2150.061797336434,metal
2150.0652942842403,metal
2150.0546573213046,metal
2150.0569716336413,metal
2150.0614373418953,metal
2150.0563762443903,metal
2150.0501146890974,metal
2150.0378775429576,metal
2150.030795756947,metal
2150.0200041001995,metal
2150.021465263274,metal
2150.0352408188046,metal
2150.0289423814675,metal
2150.0040240095263,metal
2150.0031564905844,metal
2150.0099887970305,metal
2150.0090172001883,metal
2150.0103000017198,metal
2150.0095507989727,metal
2150.007401221947,metal
2150.010299478506,metal
2150.0077793638907,metal
2150.002740938585,metal
2149.987670280957,metal
2149.971051613929,metal
2149.9631766495672,metal
2149.95196890209,metal
2149.95117198071,metal
2149.952331569024,metal
2149.9487589484083,metal
2149.9290141876463,metal
2149.9225965773326,metal
2149.9280464070753,metal
2149.916784806332,metal
2149.9126682158117,metal
2149.906127829537,metal
2149.9102523101865,metal
2149.902453623049,metal
2149.891061697326,metal
2149.8818229903754,metal
2149.8856977129954,metal
2149.8833240161725,metal
2149.872161637162,metal
2149.874845212206,metal
2149.8623445175913,metal
2149.8554254552882,metal
2149.850991394089,metal
2149.8499363051083,metal
2149.853819382237,metal
2149.847742472421,metal
2149.8347253591833,metal
2149.821412052112,metal
2149.822242622236,metal
2149.8216873863375,metal
2149.821647437328,metal
2149.8069780875903,metal
2149.7924177119944,metal
2149.7806963601174,metal
2149.7764488851776,metal
2149.7716759974787,metal
2149.7741938733857,metal
2149.7588001292725,metal
2149.7617176764315,metal
2149.7650948621363,metal
2149.761164873801,metal
2149.7643992240514,metal
2149.749214261402,metal
2149.748109245482,metal
2149.7392682438976,metal
2149.7291158873954,metal
2149.7167629389287,metal
2149.7060433929223,metal
2149.7041922424733,metal
2149.695175538733,metal
2149.6719010433803,metal
2149.6695113628152,metal
2149.656156973587,metal
2149.653444856877,metal
2149.647715727848,metal
2149.6487704653223,metal
2149.6353293341313,metal
2149.623755626702,metal
2149.6228502783774,metal
2149.6457382346985,metal
2149.635054028735,metal
2149.6137549539553,metal
2149.608048852832,metal
2149.604533889507,metal
2149.6055717224863,metal
2149.586718312322,metal
2149.5756873678415,metal
2149.56931113271,metal
2149.571985028,metal
2149.5690118637876,metal
2149.571293760793,metal
2149.5703055170893,metal
2149.5789613339202,metal
2149.567445284089,metal
2149.5516724940103,metal
2149.5471316687044,metal
2149.541304790367,metal
2149.5355360024746,metal
2149.5270947652175,metal
2149.5164958254045,metal
2149.516437434663,metal
2149.5157822389388,metal
2149.5117900250384,metal
2149.5037582396826,metal
2149.5037332266675,metal
2149.502855439965,metal
2149.495008938778,metal
2149.4865021038354,metal
2149.4824135912713,metal
2149.468589298158,metal
2149.477022901358,metal
2149.4728714012067,metal
2149.46994547873,metal
2149.4521058651676,metal
2149.4435748668698,metal
2149.4303883160956,metal
2149.4285581338813,metal
2149.4216347001957,metal
2149.4107558465817,metal
2149.4041366242677,metal
2149.39372580706,metal
2149.3928181903507,metal
2149.3918651389104,metal
2149.394485000058,metal
2149.377348865358,metal
2149.37555695933,metal
2149.368376744672,metal
2149.377017234774,metal
2149.3699513918737,metal
2149.3526541534757,metal
2149.343218020534,metal
2149.3264369524777,metal
2149.3177815876006,metal
2149.304888850429,metal
2149.308063017671,metal
2149.2982848196843,metal
2149.291665753854,metal
2149.2948289331084,metal
2149.301829319706,metal
2149.2927538714735,metal
2149.2970142584404,metal
2149.2917034638276,metal
2149.293932063968,metal
2149.2910135506095,metal
2149.286818884521,metal
2149.284221193918,metal
2149.275638976838,metal
2149.278988012729,metal
2149.2771355609702,metal
2149.255396399473,metal
2149.23980526335,metal
2149.236460582926,metal
2149.2317908431537,metal
2149.2293577069895,metal
2149.2156658291033,metal
2149.221011438703,metal
2149.2126525752533,metal
2149.2073698069553,metal
2149.181034087638,metal
2149.1760039107785,metal
2149.169245299205,metal
2149.1677633874474,metal
2149.148044794434,metal
2149.143609278258,metal
2149.1536431638124,metal
2149.152359624937,metal
2149.1597565275306,metal
2149.1579400604896,metal
2149.154061332651,metal
2149.162160524049,metal
2149.157853709067,metal
2149.1567432325064,metal
2149.1372336926256,metal
2149.139127485817,metal
2149.1270181890777,metal
2149.120743653776,metal
2149.1133246973536,metal
2149.109121921785,metal
2149.1012326658947,metal
2149.0904405409356,metal
2149.079016243254,metal
2149.077256286389,metal
2149.06377569415,metal
2149.065493272512,metal
2149.044263967909,metal
2149.0302077619262,metal
2149.0234482603905,metal
2149.0194465856225,metal
2149.026151157155,metal
2149.0129229685226,metal
2148.999882546411,metal
2148.999647988085,metal
2149.00104040089,metal
2148.998148943324,metal
2149.003576874147,metal
2148.9965969261825,metal
2148.9853572055536,metal
2148.9741900589906,metal
2148.9654316954957,metal
2148.9725068828684,metal
2148.980481340944,metal
2148.970248309987,metal
2148.9798849349554,metal
2148.9809412273453,metal
2148.983213824455,metal
2148.9841442455877,metal
2148.982511639465,metal
2149.0014559014985,metal
2149.021866765901,metal
2149.0476264722115,metal
2149.0729019850287,metal
2149.111485392323,metal
2149.15420301518,metal
2149.1869704173687,metal
2149.2277279468044,metal
2149.27164842625,metal
2149.319472191926,metal
2149.3667106126723,metal
2149.4089401192323,metal
2149.4591770075726,metal
2149.519247747854,metal
2149.5770120602283,metal
2149.625634624547,metal
2149.681302819605,metal
2149.746468296694,metal
2149.7920956391386,metal
2149.851888173812,metal
2149.9074647773487,metal
2149.9847767686233,metal
2150.049014800564,metal
2150.104022351402,metal
2150.1633375767506,metal
2150.2254214822033,metal
2150.294556503185,metal
2150.3479411757717,metal
2150.4099897828255,metal
2150.465194374288,metal
2150.5238569403914,metal
2150.5909992953107,metal
2150.6434969667766,metal
2150.7051529294145,metal
2150.7614965226167,metal
2150.8316399982746,metal
2150.897954991046,metal
2150.962140473972,metal
2151.0302497116068,metal
2151.095816051911,metal
2151.157004167772,metal
2151.2254696967834,metal
2151.3060508525195,metal
2151.3668078007677,metal
2151.4255248261784,metal
2151.490301641386,metal
2151.56244784641,metal
2151.647652098027,metal
2151.7325900132387,metal
2151.797283550514,metal
2151.8701163640226,metal
2151.9332657565656,metal
2152.0011284502525,metal
2152.0739465701763,metal
2152.138877330864,metal
2152.2013146254344,metal
2152.2636566871074,metal
2152.330662499499,metal
2152.3812785394402,metal
2152.4540536805293,metal
2152.5206693259865,metal
2152.591269266106,metal
2152.6455421368005,metal
2152.7029139299875,metal
2152.7797917112825,metal
2152.839635015001,metal
2152.908663092276,metal
2152.9640625820357,metal
2153.0199046164175,metal
2153.0792049582824,metal
2153.1259063107377,metal
2153.1710062429256,metal
2153.2222706833536,metal
2153.2591900796037,metal
2153.288745882827,metal
2153.304087144705,metal
2153.331038844013,metal
2153.3588823039995,metal
2153.3870654384036,metal
2153.4118709360564,metal
2153.427239952624,metal
2153.442747147812,metal
2153.4672331769825,metal
2153.4862827783127,metal
2153.4953164208964,metal
2153.5121342259476,metal
2153.512776322282,metal
2153.517404114005,metal
2153.537577077052,metal
2153.538649785724,metal
2153.543068328967,metal
2153.5435784881693,metal
2153.541258668767,metal
2153.5460482665226,metal
2153.556071692332,metal
2153.562390668055,metal
2153.5733752741644,metal
2153.5837210731293,metal
2153.583945942837,metal
2153.5877548843646,metal
2153.6011715441455,metal
2153.6010417326847,metal
2153.603053293064,metal
2153.6069543917765,metal
2153.6116628184654,metal
2153.622450702665,metal
2153.6149214915654,metal
2153.615363398433,metal
2153.618910764566,metal
2153.6325640462305,metal
2153.638989050276,metal
2153.636998448889,metal
2153.6409592877067,metal
2153.655629152369,metal
2153.671247118757,metal
2153.672594970932,metal
2153.6799707296964,metal
2153.684249531025,metal
2153.6771043912036,metal
2153.686231332533,metal
2153.6965144389874,metal
2153.6975582752407,metal
2153.705256451725,metal
2153.71694107478,metal
2153.7178750758258,metal
2153.7235702516596,metal
2153.7228396311407,metal
2153.7241758029854,metal
2153.7374419616335,metal
2153.7455208022184,metal
2153.741614870661,metal
2153.744614749722,metal
2153.747394808348,metal
2153.7595361244316,metal
2153.7614955753834,metal
2153.765891064895,metal
2153.772140884801,metal
2153.773252449788,metal
2153.787326269546,metal
2153.798155485017,metal
2153.7984731895026,metal
2153.796617811964,metal
2153.7853255770797,metal
2153.7850659851315,metal
2153.790646123963,metal
2153.804866688394,metal
2153.8107113450333,metal
2153.8005306253076,metal
2153.8010752754053,metal
2153.802728448158,metal
2153.8022615164646,metal
2153.800777175868,metal
2153.8023834860674,metal
2153.8079227766743,metal
2153.813733258584,metal
2153.820906187135,metal
2153.8348356294955,metal
2153.838538085417,metal
2153.844629030712,metal
2153.853916964701,metal
2153.869844726188,metal
2153.872259786466,metal
2153.882154342244,metal
2153.8853880980732,metal
2153.8864729242105,metal
2153.8810892106894,metal
2153.8846567629007,metal
2153.876077319029,metal
2153.8844717554475,metal
2153.883772658125,metal
2153.88870540406,metal
2153.889477592095,metal
2153.899258446103,metal
2153.8998439193297,metal
2153.8911531738877,metal
2153.890686481795,metal
2153.897036714638,metal
2153.909078565527,metal
2153.9075094339787,metal
2153.904530699786,metal
2153.903099782047,metal
2153.9155509640937,metal
2153.9010912939325,metal
2153.902807268255,metal
2153.8992101939702,metal
2153.91147369533,metal
2153.9011039039383,metal
2153.9009579350695,metal
2153.9149297058766,metal
2153.9192107887534,metal
2153.915359211391,metal
2153.916701549063,metal
2153.9242702529873,metal
2153.9230035835226,metal
2153.9334405401282,metal
2153.935976522058,metal
2153.937288190846,metal
2153.9519339984727,metal
2153.960931568029,metal
2153.959789970306,metal
2153.965743886104,metal
2153.9681121680374,metal
2153.9768590898334,metal
2153.9706417471834,metal
2153.9756641254085,metal
2153.985032912973,metal
2153.987099576984,metal
2153.994137933597,metal
2153.9861218702777,metal
2153.9811020837046,metal
2153.9777219072207,metal
2153.9922488533807,metal
2154.001554724767,metal
2154.012796147446,metal
2154.0129491815305,metal
2154.018275742528,metal
2154.0188597959655,metal
2154.0232694841434,metal
2154.0260263710998,metal
2154.027457772393,metal
2154.0383168940375,metal
2154.0562210519515,metal
2154.0567392363064,metal
2154.0633733829395,metal
2154.0778456010175,metal
2154.0846551479685,metal
2154.0862456602895,metal
2154.0973435615074,metal
2154.1115034703835,metal
2154.1231350349476,metal
2154.1285408647714,metal
2154.1423303085953,metal
2154.153470186202,metal
2154.1553030459204,metal
2154.155964025174,metal
2154.173029525009,metal
2154.1696374258368,metal
2154.1795178313196,metal
2154.1848593788754,metal
2154.1971825693213,metal
2154.196334390552,metal
2154.2107871871676,metal
2154.213531190329,metal
2154.215700978197,metal
2154.2341323686524,metal
2154.241902449472,metal
2154.24770015969,metal
2154.2560552484542,metal
2154.2626075550047,metal
2154.2643609445336,metal
2154.2686241337906,metal
2154.264633353637,metal
2154.2776934470435,metal
2154.2765779216284,metal
2151.2414160744224,metal
2151.238568260224,metal
2151.2385218287527,metal
2151.243533099454,metal
2151.240596523337,metal
2151.231373002482,metal
2151.236653375628,metal
2151.2356452641943,metal
2151.233369018425,metal
2151.237182035868,metal
2151.2460642022284,metal
2151.241193025531,metal
2151.230908766545,metal
2151.2418421803823,metal
2151.2552022599934,metal
2151.2522195440056,metal
2151.2478388307413,metal
2151.249803634252,metal
2151.242546853218,metal
2151.24652209793,metal
2151.2483655538126,metal
2151.2434581528432,metal
2151.2349523756197,metal
2151.230193829847,metal
2151.2267924065777,metal
2151.2360358044284,metal
2151.229516810277,metal
2151.2198343687696,metal
2151.2274924138896,metal
2151.207835784389,metal
2151.2048226374254,metal
2151.1888875678196,metal
2151.185288801393,metal
2151.1847775921196,metal
2151.1686887738956,metal
2151.1688728914783,metal
2151.1762565841163,metal
2151.173695057568,metal
2151.1770641527337,metal
2151.188149749145,metal
2151.1730285802473,metal
2151.1668453219118,metal
2151.1741713490433,metal
2151.163910856347,metal
2151.1607927351765,metal
2151.1619071569107,metal
2151.1521653187497,metal
2151.1459018579076,metal
2151.1446198088847,metal
2151.146092540944,metal
2151.1412279476617,metal
2151.1225450477436,metal
2151.118143704105,metal
2151.1108043724403,metal
2151.1182717336637,metal
2151.1118772923646,metal
2151.1091330990284,metal
2151.096040608953,metal
2151.095086133686,metal
2151.079048218501,metal
2151.074034176069,metal
2151.0675370122235,metal
2151.059865179046,metal
2151.052595980315,metal
2151.046255183709,metal
2151.048370794808,metal
2151.026404237971,metal
2151.0104210506233,metal
2151.000496907906,metal
2151.0054934282994,metal
2150.9972158107294,metal
2150.981593424055,metal
2150.9889405665976,metal
2150.9848747738597,metal
2150.9916179360007,metal
2150.996173897323,metal
2150.9842019581797,metal
2150.986005175465,metal
2150.985549891837,metal
2150.9811105410067,metal
2150.9707769129463,metal
2150.9636560260446,metal
2150.976964168144,metal
2150.9684827230803,metal
2150.9615984423704,metal
2150.959592363457,metal
2150.968514393645,metal
2150.9622156740247,metal
2150.9710739475004,metal
2150.9485532001636,metal
2150.949553920617,metal
2150.9343333721763,metal
2150.9374257088375,metal
2150.9344379324643,metal
2150.93647162292,metal
2150.9157290885396,metal
2150.915834108631,metal
2150.896878459849,metal
2150.8898183754163,metal
2150.892972980629,metal
2150.886953026176,metal
2150.8604236973943,metal
2150.8674432340117,metal
2150.8520045354953,metal
2150.8642630731792,metal
2150.8418159148764,metal
2150.822784198302,metal
2150.8054006199873,metal
2150.7943982550564,metal
2150.782804520809,metal
2150.7880239089936,metal
2150.7798099224115,metal
2150.770584198164,metal
2150.764661528891,metal
2150.75791996037,metal
2150.7565336822704,metal
2150.7406157343416,metal
2150.728201857341,metal
2150.7160058552095,metal
2150.721457102168,metal
2150.7204447334047,metal
2150.714124862899,metal
2150.701145700583,metal
2150.693590235113,metal
2150.68110586374,metal
2150.6681049989247,metal
2150.6604167215196,metal
2150.6685444127893,metal
2150.663001215894,metal
2150.6548756118245,metal
2150.641446230946,metal
2150.645259579481,metal
2150.6335593584204,metal
2150.6293199068396,metal
2150.6196282122137,metal
2150.609498113591,metal
2150.59774823845,metal
2150.590993165311,metal
2150.5984101337167,metal
2150.5923022582215,metal
2150.5792184540055,metal
2150.5768737445965,metal
2150.559343984941,metal
2150.554006660831,metal
2150.549079123317,metal
2150.5404968601842,metal
2150.531299571076,metal
2150.5193802276026,metal
2150.5067588639163,metal
2150.4893162956732,metal
2150.479619463111,metal
2150.4690974266077,metal
2150.459500877088,metal
2150.4548322155892,metal
2150.4500474168144,metal
2150.4447883297307,metal
2150.4264323098528,metal
2150.4147858835977,metal
2150.4060425460434,metal
2150.4032559653538,metal
2150.3929336455985,metal
2150.3932369157096,metal
2150.390848375203,metal
2150.3769894885413,metal
2150.3630701616908,metal
2150.3637911783107,metal
2150.352201338124,metal
2150.347294940275,metal
2150.348213078644,metal
2150.345561608685,metal
2150.3478649737003,metal
2150.359402736658,metal
2150.3441180501413,metal
2150.3427858000528,metal
2150.326448359638,metal
2150.32563741507,metal
2150.319170067007,metal
2150.320270907908,metal
2150.313215539337,metal
2150.300322661191,metal
2150.2868335898033,metal
2150.28244819311,metal
2150.2793931965202,metal
2150.2810522315394,metal
2150.2719091112717,metal
2150.245131045418,metal
2150.2572905116303,metal
2150.251531759609,metal
2150.2421988183737,metal
2150.2138300025017,metal
2150.20201092628,metal
2150.187509850075,metal
2150.1853032372637,metal
2150.1756524097495,metal
2150.169199241042,metal
2150.179480046474,metal
2150.173016714686,metal
2150.1559091449667,metal
2150.1528873715283,metal
2150.150860204308,metal
2150.1482421381947,metal
2150.1384797190203,metal
2150.134868291703,metal
2150.1265413599494,metal
2150.1145642316865,metal
2150.0988339022183,metal
2150.110490611947,metal
2150.1061998619343,metal
2150.0900039432854,metal
2150.0866840131366,metal
2150.1017436620955,metal
2150.0992139493765,metal
2150.088362140862,metal
2150.080522420236,metal
2150.0677504581345,metal
2150.0735184765135,metal
2150.0783290612167,metal
2150.0774984088466,metal
2150.0779126183143,metal
2150.0921551278857,metal
2150.083065230896,metal
2150.0888558393294,metal
2150.087313784018,metal
2150.0735206376235,metal
2150.0712222206953,metal
2150.050088352341,metal
2150.0380498524287,metal
2150.0416478006146,metal
2150.032043941087,metal
2150.023629368721,metal
2150.031042279477,metal
2150.032499753634,metal
2150.0133270761207,metal
2150.0272645803702,metal
2150.0567304697065,metal
2150.0845890063256,metal
2150.1129663695942,metal
2150.156973367179,metal
2150.1818559977487,metal
2150.2117872980416,metal
2150.235484167682,metal
2150.274661194377,metal
2150.314582441693,metal
2150.360107299963,metal
2150.3959032954285,metal
2150.4422233622927,metal
2150.484460303072,metal
2150.530703908327,metal
2150.5736922298533,metal
2150.620505515571,metal
2150.668017764456,metal
2150.7188386200924,metal
2150.7555075155974,metal
2150.8039006611884,metal
2150.8621857083745,metal
2150.939599022395,metal
2150.9930371252462,metal
2151.049273329727,metal
2151.1161815458795,metal
2151.1928077683865,metal
2151.2608557982076,metal
2151.3326454416365,metal
2151.4026618691264,metal
2151.466310019138,metal
2151.525449523686,metal
2151.5804282853724,metal
2151.6367212886935,metal
2151.702549143621,metal
2151.7672510753605,metal
2151.827944514325,metal
2151.9009777855717,metal
2151.963695661088,metal
2152.0227752974415,metal
2152.082264608967,metal
2152.1558785981692,metal
2152.225834618597,metal
2152.2848434037774,metal
2152.3560350465505,metal
2152.4243314659047,metal
2152.482880138754,metal
2152.5344156393435,metal
2152.5900027502944,metal
2152.664756103296,metal
2152.724363859151,metal
2152.7937241889963,metal
2152.8459999167035,metal
2152.903911118787,metal
2152.9664931767215,metal
2153.0221750919427,metal
2153.0761226434806,metal
2153.147306427006,metal
2153.2124385383977,metal
2153.2817698162585,metal
2153.353365520078,metal
2153.404984937758,metal
2153.476668828724,metal
2153.5443879608506,metal
2153.604234489096,metal
2153.678175302896,metal
2153.754628017568,metal
2153.801729272356,metal
2153.8582873834303,metal
2153.932770898462,metal
2153.9769698670125,metal
2154.001307142984,metal
2154.0327965246456,metal
2154.0578716441705,metal
2154.079657046599,metal
2154.1241509842575,metal
2154.158733987361,metal
2154.18964417088,metal
2154.2116222514965,metal
2154.2310532567885,metal
2154.2498386685547,metal
2154.288421990771,metal
2154.3052565470553,metal
2154.3364574110765,metal
2154.359002383305,metal
2154.3847400296504,metal
2154.3875770251416,metal
2154.409538973054,metal
2154.421110987389,metal
2154.4382142739014,metal
2154.4307694805375,metal
2154.442007967718,metal
2154.434381474309,metal
2154.44259953365,metal
2154.45067018265,metal
2154.4577928425706,metal
2154.456757401915,metal
2154.461392389087,metal
2154.469347334556,metal
2154.4594028011616,metal
2154.4707553815138,metal
2154.4722157790707,metal
2154.4881789312803,metal
2154.487849284468,metal
2154.4880691479693,metal
2154.480872750882,metal
2154.4842349175146,metal
2154.47168130818,metal
2154.4784292423756,metal
2154.4818080669315,metal
2154.4878323044277,metal
2154.4854454813544,metal
2154.486429725051,metal
2154.4820883738853,metal
2154.491155738393,metal
2154.4828988772583,metal
2154.495089413957,metal
2154.505332931225,metal
2154.5269133003217,metal
2154.5332277995926,metal
2154.52888325591,metal
2154.5217602959165,metal
2154.5182211091337,metal
2154.524826624708,metal
2154.515291571215,metal
2154.5293062424494,metal
2154.526517775232,metal
2154.5256861619437,metal
2154.5252610265347,metal
2154.520452488025,metal
2154.5235660729445,metal
2154.543139658341,metal
2154.5501151035332,metal
2154.5646058180714,metal
2154.576079732123,metal
2154.5655544176516,metal
2154.555620170391,metal
2154.5586777146673,metal
2154.574749929261,metal
2154.5761685096736,metal
2154.5831249493276,metal
2154.5919979983346,metal
2154.595476465772,metal
2154.6061630082168,metal
2154.6188960683908,metal
2154.6046222675586,metal
2154.60707030217,metal
2154.6008806705513,metal
2154.610811245426,metal
2154.6192453191825,metal
2154.6192190686993,metal
2154.610203513321,metal
2154.6227617696786,metal
2154.6185442915594,metal
2154.6010638053954,metal
2154.602289310235,metal
2154.6116869786993,metal
2154.6139641299387,metal
2154.6204914561213,metal
2154.6380485269815,metal
2154.6589497400896,metal
2154.662236856537,metal
2154.66826887459,metal
2154.6703797450323,metal
2154.6713409533886,metal
2154.6703045480617,metal
2154.6789751650085,metal
2154.6792946239307,metal
2154.6883644302834,metal
2154.689258547331,metal
2154.6844228471855,metal
2154.687324466671,metal
2154.682868417716,metal
2154.690101684192,metal
2154.7025724027417,metal
2154.7092032832497,metal
2154.7151668090887,metal
2154.72325470681,metal
2154.7301105884735,metal
2154.7390027516767,metal
2154.739118344321,metal
2154.7469265474133,metal
2154.7455429684596,metal
2154.7561004621866,metal
2154.7498997832504,metal
2154.768656792717,metal
2154.7706865223167,metal
2154.769458818913,metal
2154.7647323435313,metal
2154.759221346549,metal
2154.776790933826,metal
2154.788066561071,metal
2154.8019044308935,metal
2154.801356605136,metal
2154.8171819663735,metal
2154.8085595299467,metal
2154.81726571377,metal
2154.8257535812904,metal
2154.83836858978,metal
2154.842308415738,metal
2154.845739891594,metal
2154.848362271756,metal
2154.852953448961,metal
2154.8571006768984,metal
2154.8610251734754,metal
2154.8717095360184,metal
2154.8888445739426,metal
2154.8952028570475,metal
2154.8887789580044,metal
2154.8929777488356,metal
2154.889109837087,metal
2154.8890773638454,metal
2154.8922916253123,metal
2154.903422518579,metal
2154.906293673731,metal
2154.9184597623207,metal
2154.923595383165,metal
2154.9328461924774,metal
2154.9355906874475,metal
2154.935449172588,metal
2154.9491661550037,metal
2154.9572118625974,metal
2154.9557908585743,metal
2154.955901275796,metal
2154.9644852409588,metal
2154.9728573931907,metal
2154.9775663502496,metal
2154.9857635502526,metal
2154.987263910765,metal
2154.9792649698775,metal
2154.983953586335,metal
2154.9805158569425,metal
2154.9878530111187,metal
2154.9929560458754,metal
2154.98350617318,metal
2154.986291480819,metal
2154.999419493173,metal
2155.0053737985677,metal
2154.997341358041,metal
2155.0109645263665,metal
2155.0127770180497,metal
2155.0219830480137,metal
2155.0190116666813,metal
2155.03351692913,metal
2155.035590091143,metal
2155.044739287465,metal
2155.0434358361767,metal
2155.0526483335384,metal
2155.0629439796667,metal
2155.0620824917482,metal
2155.0600560425014,metal
2155.0620546943687,metal
2155.0712958680338,metal
2155.08669349733,metal
2150.548622589449,metal
2150.5399678060953,metal
2150.520889673602,metal
2150.5213741356492,metal
2150.535840885012,metal
2150.5260013590914,metal
2150.5297096682775,metal
2150.530106089232,metal
2150.532955388347,metal
2150.52994711888,metal
2150.527609761444,metal
2150.506882813053,metal
2150.5092220922625,metal
2150.5119184192085,metal
2150.509285296566,metal
2150.509913947575,metal
2150.5132348317366,metal
2150.5135573926846,metal
2150.484581751633,metal
2150.492789444068,metal
2150.4886848278625,metal
2150.491179567175,metal
2150.489341143666,metal
2150.472851312391,metal
2150.465378201544,metal
2150.4639240780284,metal
2150.453413128637,metal
2150.450778082433,metal
2150.457238671018,metal
2150.4559219528314,metal
2150.4401593580965,metal
2150.4366670666977,metal
2150.4368590747877,metal
2150.426624012232,metal
2150.420934676731,metal
2150.4210562861567,metal
2150.417746616083,metal
2150.402839913856,metal
2150.404059337941,metal
2150.4054228497175,metal
2150.401501318455,metal
2150.4031245687765,metal
2150.4042536173765,metal
2150.4050293269806,metal
2150.3857468227243,metal
2150.3855213416414,metal
2150.377386355126,metal
2150.387743407517,metal
2150.3710799820733,metal
2150.3650776383215,metal
2150.357208154491,metal
2150.3635673547606,metal
2150.3698377073692,metal
2150.367255593959,metal
2150.3512512464276,metal
2150.3549760072065,metal
2150.3358923067663,metal
2150.3473129333156,metal
2150.3406996061785,metal
2150.3338534680734,metal
2150.3185027831905,metal
2150.312305266519,metal
2150.3090765530364,metal
2150.299267012865,metal
2150.309335617816,metal
2150.3009671800896,metal
2150.286798337653,metal
2150.2726876442675,metal
2150.2721039773264,metal
2150.272323310249,metal
2150.2671029926237,metal
2150.267179473477,metal
2150.2660185374375,metal
2150.258637659898,metal
2150.2605143965075,metal
2150.2570276175,metal
2150.245618322262,metal
2150.2257240013655,metal
2150.2303059660876,metal
2150.20165044927,metal
2150.1990349986354,metal
2150.205960440441,metal
2150.1952524796116,metal
2150.1894865324257,metal
2150.1853602112765,metal
2150.1812702629472,metal
2150.1711524054494,metal
2150.169442165654,metal
2150.179514850287,metal
2150.1636691846998,metal
2150.1577276239323,metal
2150.1464052857677,metal
2150.1350364856803,metal
2150.1385412698087,metal
2150.142427164001,metal
2150.1380823468444,metal
2150.1311359074284,metal
2150.1229759556927,metal
2150.113977312838,metal
2150.114595762481,metal
2150.113954096284,metal
2150.1065000547474,metal
2150.1073408026605,metal
2150.107999332197,metal
2150.1053398047775,metal
2150.1009278687197,metal
2150.1010668937815,metal
2150.091927682467,metal
2150.0811714601305,metal
2150.069388314539,metal
2150.0726791478137,metal
2150.0717087433313,metal
2150.057819682328,metal
2150.057756197533,metal
2150.0607374237034,metal
2150.0509283415827,metal
2150.0446225937035,metal
2150.03079362211,metal
2150.0177954834785,metal
2150.0136909279313,metal
2150.017341062455,metal
2150.003166481743,metal
2149.9911406154424,metal
2149.9974110222897,metal
2150.0041940201986,metal
2149.991751740619,metal
2150.0021687038025,metal
2149.9939664853327,metal
2149.983137202783,metal
2149.98135012516,metal
2149.9740715213115,metal
2149.9628752511276,metal
2149.9521161397442,metal
2149.938926583255,metal
2149.9259279967637,metal
2149.9235098282466,metal
2149.9160453425443,metal
2149.917078064471,metal
2149.916188149732,metal
2149.903990398534,metal
2149.8996672848475,metal
2149.8895132080243,metal
2149.881144894536,metal
2149.8702432231353,metal
2149.847540939765,metal
2149.832417768152,metal
2149.823705049093,metal
2149.8250087281926,metal
2149.808666257086,metal
2149.82666596566,metal
2149.830514481027,metal
2149.8189011174786,metal
2149.823621915512,metal
2149.8029694173892,metal
2149.7882616860375,metal
2149.7663432164786,metal
2149.755723235117,metal
2149.7357838654216,metal
2149.717640861082,metal
2149.7100932192398,metal
2149.699386922276,metal
2149.690398664737,metal
2149.6791504857015,metal
2149.6722650869046,metal
2149.6631191416836,metal
2149.6462752997127,metal
2149.636606999905,metal
2149.6240334288896,metal
2149.6110844095924,metal
2149.5988017175614,metal
2149.587152208985,metal
2149.5839618101804,metal
2149.5756805236083,metal
2149.572462931693,metal
2149.5559474818815,metal
2149.543762690774,metal
2149.531997870678,metal
2149.526343461535,metal
2149.5039935842665,metal
2149.4958228793926,metal
2149.48744591386,metal
2149.4742851735946,metal
2149.4597892498373,metal
2149.458964333022,metal
2149.458382715516,metal
2149.4471014311707,metal
2149.448242156878,metal
2149.4324346792578,metal
2149.420675840642,metal
2149.407807460074,metal
2149.3837773026125,metal
2149.3844639253252,metal
2149.3761034753406,metal
2149.3493944586735,metal
2149.3353960397103,metal
2149.3323499260814,metal
2149.302246859049,metal
2149.2817421930326,metal
2149.2830931312133,metal
2149.265229099989,metal
2149.2598704544434,metal
2149.2530214944045,metal
2149.2494160953283,metal
2149.241511202467,metal
2149.24600020575,metal
2149.2380498975276,metal
2149.24024487847,metal
2149.226843711033,metal
2149.2120240719782,metal
2149.20466620425,metal
2149.1981389922485,metal
2149.184243525865,metal
2149.1819407954354,metal
2149.187173523423,metal
2149.1940864303606,metal
2149.1918179123877,metal
2149.189990481389,metal
2149.182982486741,metal
2149.1825934332196,metal
2149.1745482685237,metal
2149.16296893004,metal
2149.1663409388466,metal
2149.154579809403,metal
2149.159607712096,metal
2149.161869758892,metal
2149.1828929208004,metal
2149.1770537354323,metal
2149.1776329932673,metal
2149.180398164221,metal
2149.1864995068386,metal
2149.1897921067134,metal
2149.1933359907657,metal
2149.1945591869835,metal
2149.206883062192,metal
2149.2256305223223,metal
2149.241383965003,metal
2149.267245883709,metal
2149.3070246233924,metal
2149.3320584489566,metal
2149.3739456709027,metal
2149.4166954914913,metal
2149.4575132861205,metal
2149.492648399097,metal
2149.5256898936955,metal
2149.5767563770037,metal
2149.616394361954,metal
2149.668285685686,metal
2149.718009012941,metal
2149.780101801599,metal
2149.842287102795,metal
2149.9033235879165,metal
2149.9650047645023,metal
2150.027886467794,metal
2150.086503709895,metal
2150.1378982995084,metal
2150.2039663992337,metal
2150.260344689105,metal
2150.3352711039834,metal
2150.4043088173403,metal
2150.4784045176348,metal
2150.554857232243,metal
2150.607313250169,metal
2150.6715859339342,metal
2150.7449352793146,metal
2150.8055364404636,metal
2150.873180658766,metal
2150.9370074996045,metal
2151.004987340438,metal
2151.067687005565,metal
2151.1441966929133,metal
2151.2315994330347,metal
2151.301383255858,metal
2151.3703145282684,metal
2151.442793477134,metal
2151.5064962100682,metal
2151.579221392509,metal
2151.6371261403333,metal
2151.7062063756166,metal
2151.7853961406604,metal
2151.8644677475863,metal
2151.9284720006126,metal
2152.014962538292,metal
2152.071265624752,metal
2152.126414389892,metal
2152.1808099739524,metal
2152.2560084324127,metal
2152.3103325710263,metal
2152.393173282218,metal
2152.450296746198,metal
2152.5060440854418,metal
2152.55878095903,metal
2152.624305610819,metal
2152.701883043778,metal
2152.7712632799808,metal
2152.8344847797966,metal
2152.8876450436524,metal
2152.9436952446354,metal
2153.0093792000007,metal
2153.0800357542676,metal
2153.146942842412,metal
2153.21809243249,metal
2153.274305291398,metal
2153.3348825878265,metal
2153.3880358349716,metal
2153.438878876667,metal
2153.495000680152,metal
2153.538647541733,metal
2153.5732695552956,metal
2153.6190920197396,metal
2153.6482531011825,metal
2153.683693742826,metal
2153.7175317328565,metal
2153.7446645317114,metal
2153.7626218418363,metal
2153.7794610714996,metal
2153.8001449544754,metal
2153.8071382847893,metal
2153.8261021077074,metal
2153.8378399275043,metal
2153.849095147421,metal
2153.8496820184605,metal
2153.8555634454124,metal
2153.864521182554,metal
2153.8693407506307,metal
2153.8781169593726,metal
2153.8872429531693,metal
2153.903755293567,metal
2153.895521285166,metal
2153.9063725293863,metal
2153.9106153360167,metal
2153.9043455218257,metal
2153.916587191159,metal
2153.921189998276,metal
2153.9244707195976,metal
2153.930824798223,metal
2153.932102699502,metal
2153.946022355236,metal
2153.9513199910084,metal
2153.96152855453,metal
2153.9549771951483,metal
2153.9479700700927,metal
2153.9486191789174,metal
2153.9501412901236,metal
2153.952242589819,metal
2153.9534386572805,metal
2153.9525379147167,metal
2153.9618113730444,metal
2153.9697392603657,metal
2153.9713878321163,metal
2153.9642204205247,metal
2153.96686142217,metal
2153.9568450804077,metal
2153.978717550719,metal
2153.9927468622504,metal
2153.9950539712668,metal
2153.9981289126267,metal
2154.0198648945598,metal
2154.0209379005883,metal
2154.032319868162,metal
2154.0423911722605,metal
2154.0538632446783,metal
2154.049724076171,metal
2154.0406003385115,metal
2154.036640146095,metal
2154.0492145641983,metal
2154.054666950971,metal
2154.059656627406,metal
2154.059613557682,metal
2154.062790217287,metal
2154.071958428072,metal
2154.0640020137907,metal
2154.0787720713884,metal
2154.0912841216846,metal
2154.10279435649,metal
2154.0956001710733,metal
2154.1024902793724,metal
2154.1092483203533,metal
2154.1065733162213,metal
2154.1130332567277,metal
2154.1092359799063,metal
2154.1138473027568,metal
2154.12195522487,metal
2154.132110614988,metal
2154.139264570562,metal
2154.1482048532603,metal
2154.152783871368,metal
2154.165238754935,metal
2154.1703812138403,metal
2154.1796692937883,metal
2154.1823566134603,metal
2154.1922036555416,metal
2154.1931736953115,metal
2154.2072737398516,metal
2154.212599581655,metal
2154.224988599294,metal
2154.2201607773927,metal
2154.221924289339,metal
2154.2343306687926,metal
2154.2354356543024,metal
2154.233478640763,metal
2154.2523689351688,metal
2154.247771403418,metal
2154.25245436141,metal
2154.260536111531,metal
2154.2744750506076,metal
2154.2698589656206,metal
2154.2819722984113,metal
2154.292840629886,metal
2154.3011156089337,metal
2154.3003590614812,metal
2154.3007148699908,metal
2154.3014788876635,metal
2154.3124290368446,metal
2154.3085912301985,metal
2154.3105233249416,metal
2154.313588716928,metal
2154.3188663786,metal
2154.317820086918,metal
2154.3301749560937,metal
2154.3419982701957,metal
2154.349092203198,metal
2154.3697453948685,metal
2154.3666134331156,metal
2154.365043276493,metal
2154.3804485999603,metal
2154.383044408046,metal
2154.3781006122344,metal
2154.38266995259,metal
2154.3886601176237,metal
2154.390180351647,metal
2154.405501187483,metal
2154.413960902049,metal
2154.432392285034,metal
2154.4400718253573,metal
2154.4340343446142,metal
2154.443855659195,metal
2154.4567317836654,metal
2154.4763653422683,metal
2154.4730584747017,metal
2154.4652215894816,metal
2154.475229040902,metal
2154.479593682411,metal
2154.485046507922,metal
2154.478782087028,metal
2154.4812499539225,metal
2154.482282023223,metal
2154.475505118699,metal
2154.4814066598733,metal
2154.4854598227453,metal
2154.4942807093184,metal
2154.485233898706,metal
2154.486220512803,metal
2154.4770108696703,metal
2154.487557276293,metal
2154.484968344637,metal
2154.493320623494,metal
2154.4995780614554,metal
2154.498335279423,metal
2154.507564740892,metal
2154.507001200635,metal
2154.5145936899416,metal
2154.5171731771884,metal
2154.516196299081,metal
2154.520954321653,metal
2154.5134870482348,metal
2154.5310841650103,metal
2154.539901352905,metal
2154.5352021774925,metal
2154.53317499263,metal
2154.5320442985044,metal
2154.515842989742,metal
2154.5239557244718,metal
2154.5369498889463,metal
2154.5366204135057,metal
2154.542392774613,metal
2154.5632773269544,metal
2154.562924037842,metal
2154.557092766353,metal
2154.5534825266577,metal
2154.573813907878,metal
2154.5768676519956,metal
2154.592481535092,metal
2154.5941103353457,metal
2154.6082890443577,metal
2154.616884467594,metal
2154.6203794963967,metal
2154.620189812173,metal
2154.6221934220575,metal
2150.906511705514,metal
2150.912974014096,metal
2150.915114532186,metal
2150.9125028119565,metal
2150.906729836661,metal
2150.9111012477542,metal
2150.906017849144,metal
2150.90119409709,metal
2150.896769099157,metal
2150.9042786123305,metal
2150.898287892832,metal
2150.890105164386,metal
2150.8928249751493,metal
2150.8902386711457,metal
2150.8889753428875,metal
2150.8892661294553,metal
2150.8771115262875,metal
2150.8883533224125,metal
2150.8830303367977,metal
2150.8814629874305,metal
2150.8699429002277,metal
2150.860478680757,metal
2150.855288752206,metal
2150.8414792170206,metal
2150.8414341759153,metal
2150.8396878217145,metal
2150.834560026109,metal
2150.844468006423,metal
2150.8418403032224,metal
2150.850335653664,metal
2150.847399719847,metal
2150.837468455336,metal
2150.8333949506314,metal
2150.8279865829763,metal
2150.8267022741593,metal
2150.8203915184376,metal
2150.813259880777,metal
2150.804445283323,metal
2150.8106709044228,metal
2150.808486868172,metal
2150.802523873884,metal
2150.792385042802,metal
2150.7920759966855,metal
2150.795968716051,metal
2150.803375673506,metal
2150.8153089671873,metal
2150.804792653378,metal
2150.8038974458555,metal
2150.7955356538055,metal
2150.8012514334573,metal
2150.79007803115,metal
2150.7707200925447,metal
2150.7689379861654,metal
2150.769484975074,metal
2150.7644253670824,metal
2150.7543467669193,metal
2150.7500668294288,metal
2150.741575660469,metal
2150.74533598332,metal
2150.7430685383642,metal
2150.7236675186473,metal
2150.72230929634,metal
2150.7170197944365,metal
2150.7099515189507,metal
2150.6945877308112,metal
2150.6791057041773,metal
2150.6739787255556,metal
2150.6898985208345,metal
2150.6896393301568,metal
2150.696998583812,metal
2150.6838860099383,metal
2150.6713690533998,metal
2150.6739035877085,metal
2150.6618568910776,metal
2150.651767425467,metal
2150.647407676914,metal
2150.6477164549656,metal
2150.6461249806575,metal
2150.6423784305634,metal
2150.630596893129,metal
2150.6351957687966,metal
2150.6427817814383,metal
2150.638179266929,metal
2150.617448461135,metal
2150.6205445158885,metal
2150.611692265817,metal
2150.6078525371126,metal
2150.6007225609037,metal
2150.5982223009987,metal
2150.5985208543057,metal
2150.609721529226,metal
2150.617291518324,metal
2150.6202212533553,metal
2150.6073615213136,metal
2150.5951560189933,metal
2150.5852280883614,metal
2150.5861786889513,metal
2150.5752322883122,metal
2150.567685180742,metal
2150.5579063916284,metal
2150.550814165591,metal
2150.5520549152416,metal
2150.543499792957,metal
2150.5402418234657,metal
2150.527917464855,metal
2150.5281780843584,metal
2150.5312730011865,metal
2150.5190493109408,metal
2150.4985604994367,metal
2150.4824740774566,metal
2150.480733159365,metal
2150.4886737824236,metal
2150.48997578657,metal
2150.484716432159,metal
2150.474930347748,metal
2150.462011000387,metal
2150.44855311718,metal
2150.436698140841,metal
2150.4203164705955,metal
2150.3998129463403,metal
2150.386397110451,metal
2150.390832151783,metal
2150.391122465621,metal
2150.3823181016037,metal
2150.3719034437727,metal
2150.3686998748,metal
2150.362820232811,metal
2150.345073136252,metal
2150.335519989605,metal
2150.3312410139247,metal
2150.3282880460147,metal
2150.327787025465,metal
2150.321284594824,metal
2150.3127845482054,metal
2150.310793773994,metal
2150.306148498706,metal
2150.290729744771,metal
2150.265213434524,metal
2150.264988803463,metal
2150.2408832800506,metal
2150.238252009804,metal
2150.227768435438,metal
2150.2256746184335,metal
2150.220534284747,metal
2150.2125794316553,metal
2150.2030608619993,metal
2150.1860890418097,metal
2150.175670824055,metal
2150.1673446342456,metal
2150.1612141341766,metal
2150.154824716958,metal
2150.1464392222447,metal
2150.1378980612462,metal
2150.14099137843,metal
2150.12787387968,metal
2150.1331965341465,metal
2150.1303343936397,metal
2150.1160275620105,metal
2150.106064849547,metal
2150.1112950300053,metal
2150.1050050612066,metal
2150.0898712961375,metal
2150.0865538356556,metal
2150.0869142097945,metal
2150.082870824076,metal
2150.0657110534685,metal
2150.0531503793577,metal
2150.039343153941,metal
2150.0310151875856,metal
2150.0290930237898,metal
2150.022904998553,metal
2150.0139912969785,metal
2150.0029868921756,metal
2150.0002418312,metal
2150.0021209839147,metal
2149.998027569279,metal
2149.9856078957605,metal
2149.9884591292844,metal
2149.981387386863,metal
2149.98156901733,metal
2149.9730596870686,metal
2149.965782872686,metal
2149.951330640268,metal
2149.943950272661,metal
2149.933432574808,metal
2149.9272169598726,metal
2149.932281199734,metal
2149.9202984748317,metal
2149.9240517522335,metal
2149.9367219484734,metal
2149.9413568439627,metal
2149.929692724887,metal
2149.91482568815,metal
2149.91099218049,metal
2149.9135704896134,metal
2149.9088149073073,metal
2149.899714287373,metal
2149.90185734228,metal
2149.895845843298,metal
2149.886541847312,metal
2149.874307374957,metal
2149.8583702683013,metal
2149.855071676297,metal
2149.848275561569,metal
2149.8424378381765,metal
2149.8297502736696,metal
2149.826474305832,metal
2149.822927594774,metal
2149.798408546,metal
2149.802256299697,metal
2149.7907555741276,metal
2149.7847693908852,metal
2149.769967898458,metal
2149.76536323024,metal
2149.7617336578924,metal
2149.7575531945163,metal
2149.7587382862357,metal
2149.760439786917,metal
2149.7392313751993,metal
2149.735903492394,metal
2149.7193568774064,metal
2149.711157429866,metal
2149.711224708258,metal
2149.713628864694,metal
2149.7174965773293,metal
2149.706186821836,metal
2149.7034876868393,metal
2149.70439798137,metal
2149.709659030874,metal
2149.6943162425378,metal
2149.678889033163,metal
2149.6764551006095,metal
2149.672507456863,metal
2149.69510068174,metal
2149.7233050337295,metal
2149.770376644361,metal
2149.7976061563786,metal
2149.8373360241244,metal
2149.87378116089,metal
2149.9042665330066,metal
2149.9459144571715,metal
2149.9890628490775,metal
2150.0275102924743,metal
2150.0680218945286,metal
2150.107003263878,metal
2150.145141045071,metal
2150.1934709217053,metal
2150.226755908927,metal
2150.2746141201746,metal
2150.328948988861,metal
2150.378316557629,metal
2150.419136010957,metal
2150.468088261136,metal
2150.525359084607,metal
2150.5883064632367,metal
2150.650658391735,metal
2150.712158308268,metal
2150.7835607719985,metal
2150.8451750819104,metal
2150.905667815558,metal
2150.9583613605123,metal
2151.031456516381,metal
2151.091845972478,metal
2151.153861398258,metal
2151.2072213394954,metal
2151.267406876294,metal
2151.33070655475,metal
2151.403722577562,metal
2151.4717618658547,metal
2151.523649454223,metal
2151.6003144746373,metal
2151.6624274726655,metal
2151.7159320323285,metal
2151.776783827346,metal
2151.836372116266,metal
2151.9115771811744,metal
2151.9721327118527,metal
2152.0434037171526,metal
2152.1222838100057,metal
2152.194233630442,metal
2152.2694341444335,metal
2152.3382971216433,metal
2152.397392450507,metal
2152.4526780122173,metal
2152.5245600738162,metal
2152.5969086817404,metal
2152.6630097555817,metal
2152.724576253102,metal
2152.8111908184496,metal
2152.8755752286065,metal
2152.9404774431264,metal
2153.002094984709,metal
2153.0626900963625,metal
2153.113698718632,metal
2153.163502088522,metal
2153.2178341850413,metal
2153.2987097121672,metal
2153.364334327697,metal
2153.423956445445,metal
2153.5025726207837,metal
2153.57189658156,metal
2153.641710928487,metal
2153.6984170282944,metal
2153.7347349295096,metal
2153.7675103376337,metal
2153.7993641239996,metal
2153.840970268186,metal
2153.868395571526,metal
2153.9030733200416,metal
2153.9325341879553,metal
2153.9544962258005,metal
2153.9830090382516,metal
2154.0257200720384,metal
2154.043687502309,metal
2154.0720434055693,metal
2154.1002549632385,metal
2154.1086542203516,metal
2154.126305854942,metal
2154.149525224385,metal
2154.1465935607634,metal
2154.1800325107506,metal
2154.1999818427585,metal
2154.2201790178087,metal
2154.2389214927616,metal
2154.246362283935,metal
2154.2458059390356,metal
2154.2366472633266,metal
2154.2410024763562,metal
2154.244941579694,metal
2154.2529306736915,metal
2154.275616589821,metal
2154.272019392193,metal
2154.27674439603,metal
2154.2713921570844,metal
2154.2854231577794,metal
2154.2984374976663,metal
2154.3051996859126,metal
2154.2962511526102,metal
2154.2879416147857,metal
2154.2942507644707,metal
2154.291657847498,metal
2154.3020365609464,metal
2154.3151188388733,metal
2154.3133398927516,metal
2154.3243023755717,metal
2154.3258897452724,metal
2154.332133191231,metal
2154.3256745140275,metal
2154.3188217451216,metal
2154.32008273255,metal
2154.3123954002767,metal
2154.307484478328,metal
2154.319032439906,metal
2154.332630958728,metal
2154.3424378577097,metal
2154.342104051971,metal
2154.33689679895,metal
2154.339441187429,metal
2154.3385053571424,metal
2154.345849577159,metal
2154.35070312549,metal
2154.3509452541343,metal
2154.3555112979266,metal
2154.3612471858946,metal
2154.368326145879,metal
2154.3734808940985,metal
2154.3694589954725,metal
2154.376357677269,metal
2154.3713153641365,metal
2154.3709767234327,metal
2154.371562913596,metal
2154.3727799535927,metal
2154.376730839535,metal
2154.3930845083564,metal
2154.399830487997,metal
2154.40128573829,metal
2154.397017698615,metal
2154.394941855541,metal
2154.4021787515753,metal
2154.407199484876,metal
2154.4088494697753,metal
2154.400888939728,metal
2154.380905260624,metal
2154.3829860938035,metal
2154.3868094282325,metal
2154.3805487974378,metal
2154.402695857438,metal
2154.4144749943794,metal
2154.41457302447,metal
2154.4204490733005,metal
2154.404393222996,metal
2154.4102920429323,metal
2154.42003081479,metal
2154.407358757949,metal
2154.4078843274365,metal
2154.405125143679,metal
2154.4189804901484,metal
2154.4129178994235,metal
2154.4111868663854,metal
2154.398916351714,metal
2154.3912114830437,metal
2154.3904119376425,metal
2154.3958232230957,metal
2154.398771659593,metal
2154.392930301424,metal
2154.3899961287016,metal
2154.4004063111342,metal
2154.410726623365,metal
2154.4213880950597,metal
2154.4366748000243,metal
2154.4447360282848,metal
2154.445678891996,metal
2154.440296838631,metal
2154.4503310475784,metal
2154.456273447565,metal
2154.4639984984724,metal
2154.4688717821914,metal
2154.4797565978693,metal
2154.4971589468587,metal
2154.4947935408413,metal
2154.504046071484,metal
2154.5133802049536,metal
2154.5138150725447,metal
2154.5305761566374,metal
2154.5205899618413,metal
2154.514459327604,metal
2154.5175692902612,metal
2154.519236704147,metal
2154.5127758584026,metal
2154.51475228164,metal
2154.5200390265964,metal
2154.534436164012,metal
2154.5490906317837,metal
2154.5683856235046,metal
2154.5798289270692,metal
2154.5899848802965,metal
2154.59361778762,metal
2154.585003356052,metal
2154.5947150377633,metal
2154.5938775912837,metal
2154.6107872256284,metal
2154.614706092843,metal
2154.6261026282905,metal
2154.626532021245,metal
2154.6459364440325,metal
2154.644705586105,metal
2154.655508817443,metal
2154.6686247480716,metal
2154.6633823037832,metal
2154.6701932885567,metal
2154.6800968498096,metal
2154.694236974681,metal
2154.698337082965,metal
2154.6952471867235,metal
2154.701268156113,metal
2154.7125972830163,metal
2154.690136788064,metal
2154.6979354126506,metal
2154.7122786079517,metal
2154.7238355283425,metal
2154.7446342151716,metal
2154.743727544052,metal
2154.740770432874,metal
2154.7604803611694,metal
2154.7553967934127,metal
2154.7637146229845,metal
2154.7681603152814,metal
2154.774493879199,metal
2154.7883431422506,metal
2154.7995633674263,metal
2154.800945316533,metal
2154.816993272975,metal
2154.8222585896874,metal
2154.830485069651,metal
2154.839328063081,metal
2154.8372225665094,metal
2154.838150763952,metal
2154.8443066458562,metal
2154.8457128348587,metal
2154.849911716602,metal
2154.8552678142373,metal
2154.8608810060146,metal
2154.8655407124575,metal
2154.858725878647,metal
2154.8543751833886,metal
2154.8538689709135,metal
2154.855043258195,metal
2151.304494616736,metal
2151.292329094794,metal
2151.283021705031,metal
2151.2746749883954,metal
2151.259284315408,metal
2151.2575762051442,metal
2151.2535130146193,metal
2151.2326321267333,metal
2151.2512253971295,metal
2151.25334071215,metal
2151.2464255264017,metal
2151.230181077708,metal
2151.23523915173,metal
2151.2387766828115,metal
2151.2303005134495,metal
2151.2317656050195,metal
2151.228254581899,metal
2151.2190055549677,metal
2151.2297066636506,metal
2151.2352981478334,metal
2151.231222575096,metal
2151.2355511690744,metal
2151.233279039792,metal
2151.2155400726183,metal
2151.237548755897,metal
2151.2354607407774,metal
2151.218537745123,metal
2151.2097343853134,metal
2151.2148582512664,metal
2151.1992260325246,metal
2151.1884209235045,metal
2151.1888485985605,metal
2151.178097657292,metal
2151.1662261188885,metal
2151.151452872929,metal
2151.14815173343,metal
2151.154696441145,metal
2151.1638265103606,metal
2151.1533137600313,metal
2151.149679288699,metal
2151.162809917994,metal
2151.169668515956,metal
2151.1598139173416,metal
2151.1414867187996,metal
2151.1382453192264,metal
2151.1351684921756,metal
2151.1131312306065,metal
2151.1089289948077,metal
2151.0959432348973,metal
2151.092865614454,metal
2151.080657104153,metal
2151.0763229194977,metal
2151.0730764174673,metal
2151.0607579918924,metal
2151.044508324523,metal
2151.0387822095577,metal
2151.0469622253545,metal
2151.0428376975237,metal
2151.033194998822,metal
2151.037444142791,metal
2151.020311762194,metal
2150.995047025724,metal
2150.9914348789475,metal
2150.9844303542027,metal
2150.9797114352814,metal
2150.9718170809874,metal
2150.960473428115,metal
2150.9402380711153,metal
2150.9312807425417,metal
2150.92156365793,metal
2150.9088810760886,metal
2150.9163839125763,metal
2150.920861456422,metal
2150.9279774686,metal
2150.924302140725,metal
2150.918937836911,metal
2150.916709048188,metal
2150.9224544466983,metal
2150.9009856570747,metal
2150.882222842291,metal
2150.8704652693464,metal
2150.8735656798654,metal
2150.8603878465956,metal
2150.8459360117236,metal
2150.845996345932,metal
2150.8307966865345,metal
2150.8291816991705,metal
2150.828012561429,metal
2150.819419084324,metal
2150.809549870825,metal
2150.8113680061647,metal
2150.8054176892906,metal
2150.8060340562206,metal
2150.8126595279095,metal
2150.786765514566,metal
2150.7775693114154,metal
2150.782751508458,metal
2150.7724386238606,metal
2150.761850143355,metal
2150.766676263222,metal
2150.7621303665414,metal
2150.753655942316,metal
2150.753682271814,metal
2150.747523420893,metal
2150.756114063048,metal
2150.7433967294533,metal
2150.7342003565013,metal
2150.72460330037,metal
2150.711468193451,metal
2150.707062984669,metal
2150.6977290586156,metal
2150.686532654066,metal
2150.6894230425155,metal
2150.6975292928323,metal
2150.693872578282,metal
2150.6920176339454,metal
2150.6860411771513,metal
2150.684395280191,metal
2150.686709357917,metal
2150.6745762998344,metal
2150.6855057829553,metal
2150.680960971531,metal
2150.677135505432,metal
2150.678602730817,metal
2150.6906038039374,metal
2150.6831063384816,metal
2150.677588276925,metal
2150.6802247203877,metal
2150.6753875310083,metal
2150.667044229678,metal
2150.6617289552737,metal
2150.6663269386413,metal
2150.658919842444,metal
2150.6433963016098,metal
2150.64403226557,metal
2150.6274113712097,metal
2150.617125999024,metal
2150.621135842387,metal
2150.6179277794754,metal
2150.600777905245,metal
2150.5987953679014,metal
2150.585107420667,metal
2150.575300329991,metal
2150.557047355892,metal
2150.5586966191627,metal
2150.5502230755687,metal
2150.533816471122,metal
2150.513563727601,metal
2150.5110302720345,metal
2150.5123749771533,metal
2150.5162508253075,metal
2150.5037233059775,metal
2150.5065007068347,metal
2150.5018327859793,metal
2150.4936686004985,metal
2150.476971245364,metal
2150.4637840977302,metal
2150.4645461537148,metal
2150.442924771553,metal
2150.436502531311,metal
2150.4187870884057,metal
2150.4135729063337,metal
2150.4085971883587,metal
2150.3910885660093,metal
2150.388463382573,metal
2150.386677485767,metal
2150.3895402930148,metal
2150.3902507067105,metal
2150.382192925653,metal
2150.3681150375824,metal
2150.3710705210747,metal
2150.350418001086,metal
2150.339862296299,metal
2150.3341952572155,metal
2150.3235528225623,metal
2150.312285845154,metal
2150.3086124984693,metal
2150.303752378285,metal
2150.304582355671,metal
2150.2911470124786,metal
2150.274952874649,metal
2150.2692941185724,metal
2150.2552037324353,metal
2150.245967725023,metal
2150.2456087893615,metal
2150.2298492685622,metal
2150.23245145262,metal
2150.204758548835,metal
2150.1960658667967,metal
2150.1847011025015,metal
2150.174187328857,metal
2150.162176427606,metal
2150.1554472111875,metal
2150.1518266206117,metal
2150.1374031249666,metal
2150.1233210266096,metal
2150.1086255459127,metal
2150.0923092801872,metal
2150.0814645759997,metal
2150.0645712118057,metal
2150.060818698497,metal
2150.0470366266236,metal
2150.0320761799157,metal
2150.0376185511645,metal
2150.0200131383444,metal
2150.018748365555,metal
2150.019335570732,metal
2149.9992365989497,metal
2149.982374132951,metal
2149.982273306838,metal
2149.9723767956125,metal
2149.95861601072,metal
2149.953682667901,metal
2149.951759805855,metal
2149.9414528314696,metal
2149.9414104984603,metal
2149.9447149983584,metal
2149.953369731492,metal
2149.9390581294447,metal
2149.936236626543,metal
2149.923629017892,metal
2149.9213481901356,metal
2149.9155970263514,metal
2149.9093289482944,metal
2149.8944524005656,metal
2149.8985218241974,metal
2149.906376092907,metal
2149.9042004265134,metal
2149.9191710659156,metal
2149.9206360207077,metal
2149.9224619552533,metal
2149.9157999149884,metal
2149.915044280321,metal
2149.9310401793937,metal
2149.957642616949,metal
2149.969808601472,metal
2149.985780748814,metal
2150.008442099396,metal
2150.0407290033577,metal
2150.0715780581604,metal
2150.1036717270435,metal
2150.1451660128996,metal
2150.1854605100157,metal
2150.2197605174815,metal
2150.262599110257,metal
2150.315312542566,metal
2150.345935118465,metal
2150.389575368968,metal
2150.422734921289,metal
2150.4708272147013,metal
2150.5254102192057,metal
2150.578624467948,metal
2150.639406025582,metal
2150.7000522390085,metal
2150.753804646964,metal
2150.819166920266,metal
2150.8837166842,metal
2150.9540528317416,metal
2151.02101720126,metal
2151.0862856282733,metal
2151.142145419961,metal
2151.2125634812346,metal
2151.263246165717,metal
2151.3258433358906,metal
2151.38042657005,metal
2151.4536320540496,metal
2151.5199340939685,metal
2151.5919408929326,metal
2151.653416922987,metal
2151.7045900314874,metal
2151.763937114122,metal
2151.840451392509,metal
2151.9187138265943,metal
2151.973002923144,metal
2152.0456422605093,metal
2152.1171999829367,metal
2152.1811958754597,metal
2152.258755812707,metal
2152.340854615113,metal
2152.405471762014,metal
2152.473525198457,metal
2152.5497559343044,metal
2152.6248325619604,metal
2152.692178217549,metal
2152.7621485324366,metal
2152.8315005433888,metal
2152.894149160394,metal
2152.961101908629,metal
2153.027313007422,metal
2153.0909768889946,metal
2153.159126132255,metal
2153.2195203253364,metal
2153.285180413549,metal
2153.338842839469,metal
2153.403189024359,metal
2153.4811807581154,metal
2153.5458345789634,metal
2153.613450319586,metal
2153.6679393114255,metal
2153.7364217408535,metal
2153.8031900854717,metal
2153.8737586148854,metal
2153.9401389106542,metal
2153.998924021429,metal
2154.0372067817652,metal
2154.090582754083,metal
2154.128720878835,metal
2154.166185238018,metal
2154.2033204318773,metal
2154.237498576233,metal
2154.265867689131,metal
2154.3007309593927,metal
2154.3366006223882,metal
2154.3655191191074,metal
2154.387683159254,metal
2154.4145182274624,metal
2154.437328663487,metal
2154.451618212718,metal
2154.4762525565116,metal
2154.491643280047,metal
2154.5029589634187,metal
2154.5123884052223,metal
2154.5168416124225,metal
2154.512660654864,metal
2154.5186133357747,metal
2154.5332263369405,metal
2154.539798560431,metal
2154.5541303417504,metal
2154.5526288362953,metal
2154.5555645706113,metal
2154.5622015846657,metal
2154.5551131073707,metal
2154.5654460684364,metal
2154.5731878740694,metal
2154.582331110924,metal
2154.5861517122917,metal
2154.5902630872406,metal
2154.593127152714,metal
2154.5890637194802,metal
2154.601096293661,metal
2154.6056186209876,metal
2154.6016044417315,metal
2154.6078345156798,metal
2154.6154083784213,metal
2154.606473631236,metal
2154.605523825169,metal
2154.606406050149,metal
2154.6014308816593,metal
2154.6024748936065,metal
2154.606354115936,metal
2154.607708052527,metal
2154.6105639666075,metal
2154.6075034188048,metal
2154.614206257704,metal
2154.61126780023,metal
2154.624438764916,metal
2154.629534542508,metal
2154.629184947794,metal
2154.6288231061008,metal
2154.6279584731014,metal
2154.634665966579,metal
2154.6348247046185,metal
2154.6321467315875,metal
2154.656044583175,metal
2154.6791857044677,metal
2154.679752348959,metal
2154.6781361541694,metal
2154.674956368802,metal
2154.6836151115413,metal
2154.676214374327,metal
2154.686518913021,metal
2154.6836806775696,metal
2154.700653826273,metal
2154.6957168440363,metal
2154.7012667750573,metal
2154.6941788776253,metal
2154.700984994579,metal
2154.7050457920705,metal
2154.7055836938584,metal
2154.716827659948,metal
2154.7260471038862,metal
2154.7311796350346,metal
2154.7260992196207,metal
2154.7220021368184,metal
2154.7340653097785,metal
2154.7291370406383,metal
2154.738351885758,metal
2154.7374973139135,metal
2154.7494125837516,metal
2154.7565190665237,metal
2154.7621717173533,metal
2154.7666817313698,metal
2154.768127854893,metal
2154.78039985361,metal
2154.78681502986,metal
2154.7847704427813,metal
2154.7932018433744,metal
2154.7929112329416,metal
2154.791461564156,metal
2154.796169325595,metal
2154.7994383403916,metal
2154.802975137598,metal
2154.7997911718453,metal
2154.798901878198,metal
2154.7992567851484,metal
2154.7935392074655,metal
2154.8000107777025,metal
2154.80201594124,metal
2154.8185633494836,metal
2154.8410414539367,metal
2154.843947687735,metal
2154.852368054937,metal
2154.845537049224,metal
2154.848452256043,metal
2154.8596852276314,metal
2154.8627511509744,metal
2154.8660919667345,metal
2154.8748754812873,metal
2154.8801528015965,metal
2154.8891992132494,metal
2154.9045836740997,metal
2154.910215509499,metal
2154.9187341145603,metal
2154.9241593352244,metal
2154.9348677210437,metal
2154.927043059225,metal
2154.923052023225,metal
2154.9292967333604,metal
2154.951526840917,metal
2154.9605168860644,metal
2154.9520879144075,metal
2154.972762286618,metal
2154.9841653711464,metal
2154.9845561389507,metal
2154.980975276094,metal
2154.981347704574,metal
2154.9830406956426,metal
2154.9973993312415,metal
2154.991463215289,metal
2154.9995485947975,metal
2154.993756931384,metal
2155.003616720357,metal
2154.9843620149304,metal
2154.98443782061,metal
2154.9784972635975,metal
2154.979702449688,metal
2154.984271166042,metal
2154.986324577967,metal
2154.998469790113,metal
2154.985606470956,metal
2154.9911995812163,metal
2154.997422158031,metal
2155.017576376849,metal
2155.0334434218403,metal
2155.017597964945,metal
2155.025697946529,metal
2155.032924438129,metal
2155.0450405251736,metal
2155.052960087559,metal
2155.066508588887,metal
2155.065048155566,metal
2155.061587445972,metal
2155.062703993698,metal
2155.0736429094345,metal
2155.0801013297532,metal
2155.0826414108856,metal
2155.0924677744456,metal
2155.093190692633,metal
2155.1094738257098,metal
2155.108046056919,metal
2155.1131449260956,metal
2155.117441452526,metal
2155.128727977201,metal
2155.123529426849,metal
2155.1276012653534,metal
2155.139196529481,metal
2155.1391208297123,metal
2155.142193795413,metal
2155.1448719651708,metal
2155.137950501881,metal
2155.150037926895,metal
2155.1500176629866,metal
2155.1642108419574,metal
2155.1564626872405,metal
2155.1663126414314,metal
2155.175803585299,metal
2155.189882072849,metal
